Project,Architectural Floor Plan Takeoff
Sheet,indian_bengal_floorplan.png
Scale,Footprint area calibration

Item ID,CSI Category,Description,Quantity,Unit,Confidence,Method,Measured vs Estimated,Needs Review,Assumptions / Notes
door-1,08 10 00 - Doors and Frames,Single Interior Swing Door (Flush/Panel),2.0,EA,92%,counted,Directly Measured,NO,"Standard 3'-0"" x 6'-8"" frame rough opening unless specified"
door-2,08 10 00 - Doors and Frames,Exterior Entry / Balcony Door (Solid Core),1.0,EA,92%,counted,Directly Measured,NO,"Standard 3'-0"" x 6'-8"" frame rough opening unless specified"
win-1,08 50 00 - Windows,Exterior Window Unit (Aluminium / Timber Casement),2.0,EA,92%,counted,Directly Measured,NO,Perimeter exterior wall window openings
plumb-1,22 40 00 - Plumbing Fixtures,Water Closet (European / Indian WC with Cistern),2.0,EA,90%,counted,Directly Measured,NO,Includes rough-in connections and fixture trim
plumb-2,22 40 00 - Plumbing Fixtures,Wash Basin / Lavatory (Ceramic Basin with Tap),2.0,EA,88%,counted,Directly Measured,NO,Includes rough-in connections and fixture trim
plumb-3,22 40 00 - Plumbing Fixtures,Kitchen Sink (Stainless Steel Single Bowl),1.0,EA,90%,counted,Directly Measured,NO,Includes rough-in connections and fixture trim
plumb-4,22 40 00 - Plumbing Fixtures,Shower Fitting / Bath Compartment Unit,2.0,EA,88%,counted,Directly Measured,NO,Includes rough-in connections and fixture trim
app-1,11 31 00 - Residential Appliances,Residential Range / Cooktop (Gas / Induction),1.0,EA,88%,counted,Directly Measured,NO,
case-1,12 30 00 - Casework and Cabinets,Kitchen Granite Countertop & Under-Counter Cabinets,1.0,EA,85%,counted,Directly Measured,NO,Lump sum allowance for kitchen cabinetry layout
mat-flooring,09 65 00 - Flooring Finishes,Finished Flooring Underlayment & Surface (Total Conditioned Space),671.0,SF,98%,callout_stated,Directly Measured,NO,Aggregated directly from room area callouts with 10% waste factor recommended
mat-drywall,09 22 00 - Wall Framing and Drywall,"1/2"" Gypsum Wallboard (Walls, 2 sides)",6025.0,SF,85%,derived_material,Derived Material Estimate,NO,"Derived: Total wall linear footage * 9'-0"" ceiling height * 2 sides (openings un-deducted)"

Linear Wall Takeoff
ID,Category / Wall Type,Quantity,Unit,Method,Notes
wall-ext,Exterior Bearing Walls (2x6 Framing + Sheathing),317.6,LF,linear_measured,Measured from closed exterior wall perimeter (Footprint area calibration)
wall-int,Interior Partition Walls (2x4 Drywall Framing),17.1,LF,linear_measured,Measured from internal wall partition centerlines

Room Schedule & Area Takeoff
ID,Room Name,Stated Sq Ft,Measured Sq Ft,Perimeter LF,Variance %,Review Flag
room-1,Living / Dining,192.0,29.0,23.1,84.9%,REVIEW REQUIRED
room-2,Dining / Master Bed Room,144.0,49.0,29.2,66.0%,REVIEW REQUIRED
room-3,Attached Toilet,24.0,12.7,15.8,47.1%,REVIEW REQUIRED
room-4,Balcony,30.0,111.8,43.8,272.7%,REVIEW REQUIRED
room-5,Staircase & Lobby,56.0,242.0,70.8,332.1%,REVIEW REQUIRED
room-6,Bed Room,144.0,47.2,29.4,67.2%,REVIEW REQUIRED
room-7,Kitchen,56.0,13.6,16.5,75.7%,REVIEW REQUIRED
room-8,Common Toilet,25.0,193.8,67.4,675.2%,REVIEW REQUIRED

Reconciliation & Audit Flags
Flag ID,Severity,Category,Subject,Details,Recommendation
flag-scale-estimated,WARNING,Scale Calibration,Scale inferred proportionally from footprint,Estimated 34.3 px/ft (Estimated scale based on building footprint (~52 ft width across 1785px)).,Verify against an on-site dimension or title block scale.
flag-room-1,WARNING,Room Area Discrepancy,Living / Dining: Area Variance (84.9%),Stated on drawing: 192 sq ft vs. Polygon measured: 29 sq ft.,Verify whether stated square footage represents gross vs. net interior dimensions.
flag-room-2,WARNING,Room Area Discrepancy,Dining / Master Bed Room: Area Variance (66.0%),Stated on drawing: 144 sq ft vs. Polygon measured: 49 sq ft.,Verify whether stated square footage represents gross vs. net interior dimensions.
flag-room-3,WARNING,Room Area Discrepancy,Attached Toilet: Area Variance (47.1%),Stated on drawing: 24 sq ft vs. Polygon measured: 13 sq ft.,Verify whether stated square footage represents gross vs. net interior dimensions.
flag-room-4,WARNING,Room Area Discrepancy,Balcony: Area Variance (272.7%),Stated on drawing: 30 sq ft vs. Polygon measured: 112 sq ft.,Verify whether stated square footage represents gross vs. net interior dimensions.
flag-room-5,WARNING,Room Area Discrepancy,Staircase & Lobby: Area Variance (332.1%),Stated on drawing: 56 sq ft vs. Polygon measured: 242 sq ft.,Verify whether stated square footage represents gross vs. net interior dimensions.
flag-room-6,WARNING,Room Area Discrepancy,Bed Room: Area Variance (67.2%),Stated on drawing: 144 sq ft vs. Polygon measured: 47 sq ft.,Verify whether stated square footage represents gross vs. net interior dimensions.
flag-room-7,WARNING,Room Area Discrepancy,Kitchen: Area Variance (75.7%),Stated on drawing: 56 sq ft vs. Polygon measured: 14 sq ft.,Verify whether stated square footage represents gross vs. net interior dimensions.
flag-room-8,WARNING,Room Area Discrepancy,Common Toilet: Area Variance (675.2%),Stated on drawing: 25 sq ft vs. Polygon measured: 194 sq ft.,Verify whether stated square footage represents gross vs. net interior dimensions.
